words,ebay_trend,arima_trend,lstm_trend,sarima_trend,tes_trend,ma_trend
in,False,False,True,False,True,False
2011,False,False,False,True,False,False
visit,False,False,False,False,False,False
for,False,False,True,False,True,False
the,True,True,True,True,True,False
best,True,True,True,True,True,False
summer,True,False,False,False,False,False
want,False,False,True,False,True,False
to,False,False,True,False,True,False
get,False,False,True,False,True,False
of,False,False,False,True,True,False
nyc,False,False,False,False,False,False
or,False,False,False,True,False,False
tickets,False,False,True,False,False,False
our,False,False,True,False,False,False
are,False,False,True,False,True,False
you,False,False,True,False,False,False
omg,False,False,True,True,False,False
i'm,False,False,True,False,True,False
so,False,False,True,False,True,False
a,False,False,True,False,True,False
work,False,False,False,False,True,False
week,False,False,True,True,False,False
isn't,False,False,False,True,False,False
right,True,True,True,False,True,False
start,False,False,True,False,False,False
your,False,False,True,False,False,False
monday,True,True,True,True,True,True
with,False,False,True,False,True,False
am,False,False,True,False,True,False
call,False,False,True,False,False,False
.,False,False,True,False,True,False
;),False,False,False,False,False,False
has,False,False,False,False,True,False
some,False,False,False,False,False,False
amazing,False,False,False,False,False,False
things,False,False,True,False,False,False
-,False,False,True,True,True,False
40,False,False,False,False,False,False
years,False,False,False,False,False,False
ago,False,False,False,False,False,False
on,False,False,False,False,True,False
days,False,False,False,False,False,False
number,True,False,False,False,False,False
1,True,False,False,False,True,False
...,False,False,True,False,True,False
is,False,False,True,True,True,False
words,False,False,False,False,False,False
..,False,False,True,False,True,False
this,False,False,True,False,False,False
feeling,False,False,False,False,False,False
ever,False,False,False,False,False,False
we,False,False,True,False,True,False
guys,False,False,True,False,False,False
world,False,False,False,True,False,False
and,False,False,True,False,True,False
won't,False,False,False,False,False,False
let,False,False,True,False,False,False
u,False,False,True,False,True,False
down,True,True,True,False,False,False
love,False,False,True,False,False,False
all,True,False,True,True,True,False
x,False,False,True,False,False,False
5,True,True,False,False,True,False
learn,False,False,False,False,False,False
better,False,False,True,False,True,False
live,True,False,True,False,False,False
it,False,False,True,False,False,False
listen,False,False,False,False,False,False
change,False,False,False,False,False,False
girl,False,False,True,False,False,False
sweet,False,False,False,False,False,False
pic,False,False,False,False,False,False
was,True,True,True,False,False,False
up,False,False,True,False,False,False
have,False,False,True,False,True,False
back,False,False,True,False,False,False
form,True,False,False,False,False,False
new,False,False,True,False,False,False
michael,True,False,False,True,False,False
song,False,False,True,False,True,False
word,False,False,False,False,False,False
ain't,False,False,True,False,True,False
it's,False,False,True,True,True,False
stupid,True,False,False,False,False,False
ones,False,False,False,False,False,False
that,True,False,True,False,True,False
need,False,False,True,False,False,False
advice,True,True,False,True,False,True
make,False,False,True,False,False,False
me,False,False,True,False,False,False
feel,False,False,True,False,False,False
warm,True,False,True,False,False,False
inside,False,False,False,False,False,False
like,False,False,True,False,False,False
i,False,False,True,True,True,False
now,True,False,True,False,True,False
my,False,False,True,False,False,False
rt,False,False,True,True,True,False
follow,False,False,False,False,False,False
yu,False,False,True,False,True,False
30,True,True,True,True,False,False
minutes,True,False,False,False,False,False
not,False,False,True,False,True,False
i'll,False,False,True,False,False,False
give,False,False,True,False,True,False
good,False,False,True,False,True,False
see,False,False,True,False,True,False
twitter,False,False,True,False,False,False
how,False,False,True,True,False,False
r,False,False,True,False,False,False
n,False,False,True,False,False,False
will,False,False,True,True,False,False
tell,False,False,True,True,False,False
friends,False,False,True,False,False,False
just,False,False,True,True,False,False
company,False,False,False,False,False,True
excited,False,False,True,False,True,False
there,False,False,True,False,True,False
two,False,False,True,True,False,False
success,False,False,False,False,True,False
life,False,False,True,False,True,False
don't,False,False,True,False,True,False
people,False,False,True,True,True,False
everything,False,False,True,False,False,False
know,False,False,True,False,True,False
they,True,False,True,False,True,False
sent,False,False,False,False,False,False
guy,False,False,False,False,False,False
message,False,False,False,False,False,False
said,False,False,True,False,False,False
where,False,False,True,False,False,False
office,False,False,False,False,False,True
watched,True,False,False,False,False,False
as,False,False,True,False,True,False
show,False,False,False,False,True,False
you're,False,False,True,False,False,False
favorite,False,False,True,False,True,False
an,False,False,False,False,False,False
top,False,False,False,False,False,False
10,False,False,True,False,True,False
using,False,False,False,False,False,False
thanks,False,False,True,False,False,False
wish,False,False,True,False,False,False
fat,True,False,False,False,False,False
us,False,False,False,False,False,False
send,False,False,True,False,False,False
from,False,False,False,False,False,False
please,True,False,False,False,False,False
maybe,False,False,True,False,False,False
would,False,False,True,False,True,False
do,False,False,True,False,False,False
cause,False,False,True,False,False,False
pain,False,False,False,False,False,False
blog,False,False,False,False,False,False
search,False,False,False,False,False,False
exactly,False,False,False,False,False,False
many,True,True,False,True,True,False
special,False,False,False,False,False,False
choose,False,False,False,False,False,False
girls,False,False,False,False,True,False
go,True,True,True,True,True,False
bad,False,False,True,False,False,False
writing,True,False,False,False,False,False
songs,False,False,False,False,False,False
beach,False,False,False,False,False,False
walking,False,False,True,False,False,False
dog,False,False,False,True,False,False
lots,False,False,False,False,False,False
places,True,False,False,False,False,False
be,False,False,True,True,False,False
press,False,False,False,True,False,False
any,False,False,True,False,False,False
key,False,False,False,False,False,False
continue,True,False,False,False,False,False
finally,True,False,False,False,False,False
read,False,False,False,False,False,False
great,False,False,False,True,True,False
job,False,False,False,True,False,False
3,True,False,True,False,False,False
dreams,False,False,False,False,False,False
seen,False,False,False,False,True,False
real,False,False,True,False,True,False
mind,False,False,False,True,False,False
does,False,False,True,False,False,False
them,False,False,True,True,False,False
bed,False,False,True,False,False,False
interesting,False,False,False,False,True,False
why,False,False,True,True,True,False
games,False,False,False,False,False,False
never,False,False,True,False,False,False
came,False,False,False,False,False,False
health,True,False,False,False,True,True
did,True,False,True,False,True,False
something,False,False,True,False,True,False
couldn't,True,False,True,False,False,False
done,False,False,False,False,False,False
almost,False,False,False,False,False,False
country,False,False,False,True,False,False
yall,True,False,True,False,True,False
find,False,False,False,False,False,False
under,False,False,False,False,True,False
lucky,True,False,False,False,False,False
even,True,False,True,False,True,False
though,False,False,True,False,True,False
walk,False,False,False,False,False,False
through,False,False,False,False,True,False
death,False,False,False,False,False,False
no,False,False,True,False,True,False
cont,False,False,False,True,False,False
when,False,False,True,False,True,False
“,False,False,True,True,False,False
most,False,False,False,False,False,False
times,True,False,False,False,False,False
had,False,False,True,False,False,False
hope,False,False,True,True,False,False
looks,True,False,False,False,False,False
pretty,True,False,True,True,False,False
tonight,False,False,True,False,False,False
yeah,True,False,True,True,True,False
min,True,False,False,False,False,False
later,False,False,False,False,False,False
hahahaha,False,False,False,False,False,False
what,False,False,True,True,False,False
who,False,False,True,True,True,False
god,False,False,True,True,False,False
forget,False,False,False,False,False,False
2,False,False,True,False,False,False
hours,False,False,True,True,True,False
bring,True,True,False,False,False,False
forgot,False,False,False,False,False,False
hello,True,False,False,False,True,False
m,False,False,False,False,False,False
well,False,False,False,True,True,False
remember,False,False,True,False,False,False
old,False,False,True,False,True,False
man,False,False,True,True,True,False
`,True,False,False,False,False,False
s,False,False,False,False,True,False
way,False,False,True,False,False,False
saying,False,False,True,False,False,False
got,False,False,True,False,True,False
about,False,False,True,False,False,False
weekend,True,True,True,False,False,False
day,False,False,False,False,True,False
can,False,False,True,False,True,False
join,False,False,False,True,True,False
few,False,False,False,False,False,False
asked,False,False,False,False,False,False
really,False,False,True,False,False,False
didn't,True,True,True,False,True,False
room,False,False,True,False,True,False
whole,False,False,True,False,False,False
story,False,False,True,False,False,False
saw,False,False,False,False,False,False
out,False,False,True,False,False,False
o,False,False,True,False,False,False
think,False,False,True,False,True,False
iphone,True,False,False,False,False,False
app,True,False,False,False,False,True
obama,False,False,False,False,True,False
should,False,False,True,False,True,False
mean,False,False,True,False,False,False
nothing,False,False,True,False,True,False
after,False,False,False,False,True,False
much,False,False,True,True,False,False
she,False,False,True,False,True,False
into,False,False,False,False,True,False
soul,False,False,False,True,False,False
clothes,True,False,False,False,False,False
7,True,False,False,False,False,False
by,False,False,True,False,False,False
[,False,False,True,False,False,False
],False,False,False,True,False,False
la,True,False,False,False,True,False
da,False,False,True,False,True,False
at,False,False,True,True,True,False
long,False,False,True,False,False,False
dear,True,True,False,False,False,False
if,True,False,True,False,False,False
text,False,False,True,False,False,False
while,False,False,True,False,False,False
driving,False,False,False,False,False,False
meet,False,False,True,False,False,False
him,False,False,True,False,True,False
pay,True,False,False,False,False,False
haven't,False,False,False,False,True,False
used,True,False,False,False,False,False
4,True,False,False,False,False,False
months,False,False,False,False,False,False
',False,False,False,False,False,False
book,False,False,True,False,False,False
tweet,False,False,True,False,True,False
hate,False,False,True,False,True,False
but,False,False,True,True,True,False
mine,False,False,False,False,False,False
;,False,False,True,False,False,False
off,False,False,True,True,True,False
wait,False,False,True,False,True,False
time,False,False,True,False,True,False
stand,True,True,False,False,False,False
whatever,True,False,False,True,False,False
may,True,True,False,False,True,False
interview,True,False,False,False,False,False
al,True,True,True,True,False,False
tho,True,False,True,False,True,False
once,False,False,False,False,False,False
relationship,True,False,False,False,False,False
peace,True,True,False,False,False,False
only,False,False,True,True,True,False
comes,True,False,False,False,False,False
pink,False,False,False,False,False,False
missed,True,False,False,True,False,False
year,True,True,False,True,False,False
been,False,False,True,False,True,False
teacher,False,False,False,True,True,True
de,False,False,True,False,False,False
private,True,True,False,False,False,False
”,False,False,True,True,True,False
»,True,False,False,False,False,False
without,False,False,True,False,False,False
goes,False,False,False,False,False,False
public,False,False,False,False,False,False
email,False,False,False,False,False,False
he,True,True,True,False,True,False
doin,False,False,True,False,False,False
;d,False,False,False,False,False,False
lol,False,False,True,True,True,False
evening,False,False,False,False,False,False
lets,True,True,False,False,True,False
plz,False,False,False,False,True,False
check,False,False,True,False,True,False
k,True,True,False,True,False,False
version,True,False,False,False,False,False
black,False,False,False,True,True,True
yellow,True,True,False,True,True,True
thank,False,False,True,False,False,False
one,False,False,True,False,True,False
seems,False,False,False,False,False,False
sometimes,False,False,False,False,False,False
help,False,False,True,False,False,False
yo,True,False,True,False,False,False
el,True,True,True,False,True,False
google,True,False,False,False,True,True
morning,True,True,True,True,False,False
least,True,False,False,False,False,True
month,True,True,True,True,False,False
ends,False,False,False,False,False,False
here,False,False,True,False,False,False
over,True,False,True,True,True,False
okay,False,False,True,False,True,False
link,False,False,False,False,False,False
download,True,False,False,True,False,False
train,False,False,False,False,False,False
station,True,False,False,True,True,False
+,False,False,False,False,False,False
crazy,False,False,True,False,False,False
kind,False,False,False,False,False,False
left,False,False,False,False,False,False
b,False,False,True,False,True,False
because,False,False,True,False,False,False
boys,False,False,True,False,False,False
…,False,False,True,False,False,False
huge,True,True,False,True,False,False
vote,True,False,False,False,False,False
every,False,False,False,False,False,False
i've,False,False,True,False,False,False
put,False,False,True,True,True,False
too,False,False,True,False,True,False
video,False,False,True,False,False,False
game,True,True,False,True,True,True
super,True,False,False,True,True,True
cool,False,False,True,True,False,False
wonder,True,False,False,False,False,False
happen,False,False,True,False,False,False
stop,False,False,True,False,True,False
shit,False,False,True,False,True,False
’,False,False,False,False,True,False
dvd,False,False,False,False,False,False
set,False,False,False,False,False,False
plus,True,False,False,False,False,False
nice,False,False,True,False,False,False
clean,True,True,False,False,False,False
before,False,False,False,True,True,False
everybody,False,False,True,False,False,False
wants,False,False,False,False,False,False
hear,False,False,True,False,False,False
sorry,False,False,True,False,True,False
else,False,False,False,False,False,False
enjoy,True,False,False,False,False,False
congrats,False,False,False,True,False,False
her,False,False,True,False,True,False
first,False,False,True,False,True,False
performance,False,False,False,False,True,False
group,True,False,False,True,False,False
meeting,False,False,False,False,False,False
central,True,True,False,False,False,False
saturday,True,True,True,False,False,True
info,False,False,False,False,False,False
hi,False,False,True,False,False,False
following,False,False,True,False,False,False
shout,False,False,False,False,False,False
always,False,False,True,False,True,False
welcome,True,False,False,False,False,False
use,False,False,False,False,False,False
justin,True,False,False,False,False,False
gets,False,False,True,False,False,False
own,False,False,True,False,True,False
annoying,False,False,False,False,False,False
night,False,False,True,True,True,False
boy,False,False,True,False,False,False
heart,False,False,False,False,False,False
current,True,False,False,False,False,True
eating,False,False,False,False,False,False
going,False,False,True,True,False,False
called,False,False,False,False,False,False
says,True,True,False,False,False,False
web,False,False,False,False,False,False
calls,False,False,False,True,False,False
big,True,False,False,False,True,False
their,False,False,False,False,False,False
support,False,False,False,False,False,False
awesome,False,False,True,False,False,False
2010,False,False,False,False,False,True
stories,True,False,False,False,False,True
social,True,True,True,False,True,False
media,False,False,True,False,False,False
via,False,False,True,True,True,False
fire,True,False,False,True,False,False
free,False,False,False,True,True,False
air,False,False,False,False,False,False
update,False,False,False,False,False,False
today,False,False,True,False,True,False
next,False,False,True,False,False,False
which,False,False,False,False,False,False
other,False,False,True,False,False,False
design,True,False,False,True,False,False
sign,False,False,False,False,False,False
school,False,False,False,True,True,True
fine,False,False,False,True,True,False
anything,False,False,True,False,False,False
nope,False,False,False,False,False,False
deep,False,False,False,True,False,False
followed,False,False,False,False,False,False
oh,True,False,True,False,True,False
what's,False,False,True,False,False,False
yea,False,False,True,False,True,False
dat,False,False,True,False,False,False
wit,False,False,True,False,False,False
ya,False,False,True,True,False,False
looking,False,False,False,False,False,False
wear,True,False,False,False,False,False
movie,False,False,True,False,False,False
kids,False,False,True,False,False,False
dress,True,True,False,True,True,False
look,False,False,True,False,False,False
human,True,False,False,True,False,False
retweet,False,False,False,False,False,False
money,True,True,True,False,True,False
official,True,False,False,False,False,True
still,True,True,True,False,True,False
can't,True,False,True,False,False,False
e,False,False,False,False,False,False
such,False,False,False,False,False,False
thing,False,False,True,True,True,False
already,False,False,False,False,False,False
his,True,False,True,True,True,False
face,False,False,False,False,False,False
ur,False,False,True,False,False,False
college,False,False,False,False,False,False
;-),False,False,False,False,False,False
gonna,True,False,True,False,True,False
touch,True,False,False,False,False,False
light,True,False,False,True,False,False
16,False,False,False,True,False,False
id,False,False,False,True,False,False
tv,True,True,True,False,False,False
phone,False,False,True,False,False,False
j,False,False,False,False,False,False
photos,False,False,False,False,False,False
you've,False,False,False,False,False,False
person,False,False,True,False,True,False
past,False,False,False,False,False,False
bieber,True,False,False,False,False,False
coming,False,False,True,False,False,False
ride,False,False,False,False,True,False
water,False,False,False,False,False,False
yourself,False,False,False,False,False,False
being,False,False,True,False,True,False
family,False,False,False,False,False,False
might,False,False,True,True,False,False
part,True,False,True,False,False,False
earth,True,False,False,False,False,False
beautiful,False,False,True,False,False,False
guess,False,False,True,False,True,False
per,False,False,False,False,False,False
second,False,False,False,False,True,False
since,False,False,True,True,True,True
posted,False,False,False,False,False,False
youtube,False,False,True,False,False,False
taylor,True,False,False,False,False,False
were,True,True,True,False,False,False
review,False,False,False,True,False,False
name,False,False,True,False,False,False
‘,True,False,False,False,True,False
sing,True,False,False,False,True,False
little,False,False,False,False,False,False
ball,True,True,False,False,True,False
sleepy,True,False,False,False,False,False
close,False,False,False,False,False,False
cuz,False,False,True,False,True,False
totally,False,False,False,False,False,False
hey,False,False,True,False,True,False
article,False,False,False,False,False,False
favorited,False,False,False,False,False,False
makes,False,False,True,False,False,False
thinking,False,False,False,False,False,False
february,True,False,False,True,False,False
strong,True,False,False,False,False,False
woman,False,False,False,False,False,False
13,True,False,False,False,False,False
they're,True,False,False,True,True,False
fans,True,False,False,False,True,False
keep,False,False,True,False,False,False
watch,True,False,True,True,True,False
move,False,False,True,False,False,False
dinner,False,False,True,False,True,False
mr,False,False,False,True,False,False
=),False,False,True,True,False,False
hot,False,False,False,False,False,False
date,False,False,False,False,False,False
happy,True,True,False,True,False,False
birthday,False,False,False,True,False,False
kiss,False,False,False,False,False,False
born,True,True,False,False,False,False
march,False,False,False,False,False,False
11,False,False,False,False,False,False
star,True,False,False,False,False,False
sell,True,False,False,False,False,False
others,True,False,False,True,False,False
front,False,False,False,True,False,False
often,True,False,False,True,False,False
against,True,False,False,False,False,False
short,True,False,False,False,False,False
spend,True,False,False,True,False,False
wrong,False,False,True,False,False,False
possible,False,False,False,False,False,False
sexy,False,False,True,False,False,False
future,False,False,False,False,False,False
mix,True,False,False,False,False,False
london,False,False,False,False,True,False
white,True,True,False,True,False,False
mother,False,False,False,False,False,False
calling,False,False,False,False,False,False
green,True,False,False,True,True,True
wanna,False,False,True,False,True,False
=,True,False,False,False,False,False
don,False,False,True,False,False,False
t,False,False,False,False,False,False
pick,True,False,False,True,True,False
—,False,False,True,False,False,False
course,False,False,False,False,False,False
same,True,False,True,False,True,False
0,True,False,False,False,False,False
24,True,True,True,True,False,False
men,False,False,False,False,False,False
james,False,False,False,False,False,False
14,True,False,False,False,False,False
fact,False,False,False,False,False,False
cant,False,False,True,False,False,False
more,False,False,False,True,True,False
than,True,True,True,True,True,False
til,False,False,False,False,False,False
very,False,False,False,False,False,False
\,True,False,False,False,False,False
giving,True,True,False,False,True,False
its,False,False,True,False,True,False
made,False,False,True,False,True,False
sad,True,False,True,False,True,False
each,False,False,False,False,False,False
bout,False,False,True,False,True,False
tweeting,True,False,False,False,False,False
again,False,False,True,False,False,False
class,False,False,True,True,False,False
went,False,False,True,False,False,False
loved,True,False,False,False,True,False
gay,True,True,False,True,True,False
season,False,False,False,False,False,False
instead,True,False,False,False,True,False
fan,True,True,False,True,True,False
appreciate,False,False,True,False,False,False
sunday,True,False,True,False,True,False
forward,False,False,False,False,False,False
loves,True,False,True,False,False,False
easy,True,False,False,False,False,False
place,False,False,True,False,False,False
dude,False,False,True,False,True,False
trying,False,False,True,False,False,False
child,True,False,False,True,False,False
fun,False,False,True,False,False,False
brother,False,False,True,False,False,False
major,False,False,False,True,False,False
doesn't,False,False,True,False,True,False
hurt,False,False,False,False,False,False
hurts,False,False,False,False,False,False
fighting,True,False,False,False,False,False
sounds,False,False,True,False,True,False
everyone,True,True,True,False,False,False
lot,False,False,True,False,False,False
drive,True,False,False,False,False,False
late,False,False,False,False,False,False
reply,True,False,False,False,False,False
leave,True,True,False,False,True,False
v,False,False,False,False,False,False
thought,False,False,True,False,True,False
awkward,False,False,False,False,False,False
hands,True,True,False,False,False,False
dream,True,False,False,False,False,False
stars,False,False,False,False,False,False
turn,True,True,False,False,False,False
ok,True,True,True,False,False,False
behind,False,False,False,False,False,False
till,True,True,False,True,False,False
meant,False,False,False,True,False,False
ask,False,False,True,False,False,False
truth,False,False,False,False,False,False
straight,False,False,False,True,False,False
laugh,True,False,False,False,False,False
dont,False,False,True,False,True,False
either,False,False,True,False,True,False
profile,False,False,False,False,False,False
city,False,False,True,False,False,False
jus,False,False,True,True,False,False
g,False,False,False,False,False,False
w,False,False,True,False,False,False
plans,False,False,False,False,False,False
lives,False,False,False,False,False,False
planning,True,False,False,False,False,False
episode,True,False,False,False,False,False
then,False,False,True,False,False,False
respect,True,False,False,False,False,False
met,False,False,False,False,False,False
become,False,False,False,False,False,False
news,True,True,True,True,False,False
damn,True,True,True,True,True,False
beat,True,False,True,False,False,False
could,False,False,False,False,True,False
end,True,False,False,True,True,False
6,True,False,True,False,True,False
say,False,False,True,False,False,False
im,False,False,True,False,False,False
lo,False,False,False,False,False,False
latest,False,False,False,False,False,False
stay,True,False,False,False,False,False
home,False,False,True,False,True,False
national,True,False,False,False,False,False
security,True,False,False,False,True,False
reason,False,False,False,True,False,False
photo,False,False,True,False,False,False
eyes,False,False,False,False,False,False
believe,False,False,True,False,False,False
forever,False,False,False,True,False,False
haha,False,False,True,True,True,False
tough,True,False,False,True,False,False
tears,True,False,False,False,False,False
smile,False,False,False,False,False,False
someone,False,False,True,False,False,False
knows,True,False,False,True,True,False
feels,False,False,False,False,False,False
break,False,False,True,False,False,False
happened,True,False,False,False,True,False
plan,False,False,False,False,False,False
another,False,False,True,False,False,False
liked,True,True,False,False,False,False
club,False,False,False,False,False,False
beauty,True,False,False,False,False,False
running,True,False,False,False,True,False
head,False,False,True,False,False,False
cold,True,False,False,False,False,False
dead,False,False,False,False,False,False
shows,False,False,False,False,False,False
there's,False,False,False,False,True,False
playing,True,True,False,False,True,False
sun,True,True,True,False,False,False
team,True,True,False,True,True,False
p,False,False,False,False,False,False
awards,True,True,False,False,False,False
million,True,False,False,False,False,False
study,False,False,False,True,False,True
watching,True,False,False,True,True,False
bless,True,False,False,True,False,False
music,False,False,False,False,False,False
last,False,False,True,False,True,False
doing,False,False,True,False,False,False
business,False,False,False,True,False,True
facebook,True,False,False,False,False,False
rest,True,False,False,False,False,False
grand,True,True,False,True,False,False
mobile,True,True,False,False,False,False
experience,False,False,False,False,False,False
starts,False,False,False,False,False,False
tomorrow,False,False,True,False,False,False
choice,True,False,False,False,False,False
test,False,False,False,False,False,False
d,False,False,False,False,False,False
c,False,False,True,False,False,False
cannot,False,False,False,False,False,False
chance,False,False,False,False,False,False
early,True,True,True,True,False,False
service,True,True,False,False,False,False
take,False,False,True,False,True,False
smart,False,False,False,True,False,False
around,False,False,True,False,False,False
win,True,True,False,True,True,True
open,False,False,False,False,True,False
bar,False,False,False,False,False,False
drink,False,False,False,False,False,False
studio,True,False,False,True,True,False
ready,False,False,True,False,True,False
round,True,True,False,False,False,False
seeing,True,False,False,False,True,False
problem,False,False,False,False,False,False
anyone,False,False,True,False,True,False
safe,True,False,False,False,False,False
–,False,False,False,False,False,False
wind,True,False,False,True,False,False
chill,False,False,True,False,False,False
played,True,False,False,False,False,False
play,True,True,True,False,True,False
took,False,False,False,False,False,False
far,True,False,False,False,False,False
finish,False,False,False,False,False,False
project,True,False,False,False,False,False
shall,False,False,False,False,False,False
hard,False,False,True,False,False,False
yes,True,False,True,False,True,False
west,False,False,False,False,False,False
mom,False,False,True,True,False,False
moment,True,False,False,True,False,False
die,False,False,True,True,False,False
car,False,False,False,False,False,False
actually,False,False,True,False,False,True
come,False,False,True,True,False,False
true,False,False,True,False,False,False
friend,False,False,True,False,True,False
account,False,False,False,False,False,False
middle,False,False,False,False,False,False
high,False,False,False,False,False,False
ideas,True,False,False,False,True,False
personal,False,False,False,False,False,False
100,True,False,False,True,False,False
gift,False,False,False,False,False,False
card,False,False,False,False,False,False
yours,False,False,False,False,False,False
rather,True,True,False,True,True,False
idea,False,False,False,True,False,False
travel,False,False,False,False,False,False
sports,True,False,False,False,True,False
age,False,False,False,False,False,False
talking,False,False,True,False,False,False
1st,False,False,False,False,False,False
ppl,False,False,True,False,False,False
working,False,False,False,False,False,False
player,True,False,True,False,False,False
during,True,False,False,True,True,False
re,False,False,False,False,False,False
baby,True,True,True,False,True,False
we're,False,False,False,False,False,False
taking,False,False,False,False,False,False
between,False,False,False,False,False,False
points,True,True,False,False,False,False
tea,True,False,False,False,False,False
friday,True,True,True,True,False,False
sure,False,False,True,False,True,False
dr,True,True,False,False,True,False
probably,False,False,False,False,False,False
channel,True,False,True,True,False,True
getting,False,False,True,True,False,False
heard,False,False,False,False,True,False
cut,False,False,False,False,True,False
wtf,True,False,True,False,True,False
share,True,False,False,False,False,False
secret,True,False,False,False,True,False
si,False,False,False,False,False,False
f,False,False,False,True,False,False
h,False,False,False,False,False,False
l,False,False,True,False,False,False
q,False,False,False,True,True,False
y,False,False,True,False,False,False
building,True,False,False,True,False,False
hell,True,True,True,False,True,False
add,False,False,False,False,False,False
ga,True,False,False,False,False,False
fb,True,False,False,False,False,False
singing,True,False,False,True,False,False
finished,False,False,False,False,False,False
trending,True,True,True,False,False,False
he's,True,True,False,True,True,False
women,False,False,False,True,False,False
needs,True,True,False,False,True,False
these,True,False,True,False,True,False
mood,False,False,False,False,False,False
wonderful,False,False,False,True,False,False
gorgeous,False,False,False,True,False,False
xx,False,False,True,False,True,False
small,False,False,False,True,False,False
try,False,False,False,False,True,False
sleeping,False,False,False,False,False,False
together,True,True,False,True,False,False
award,True,True,False,False,False,False
speak,False,False,False,True,False,False
run,True,True,False,False,False,False
ima,False,False,True,False,False,False
artist,False,False,False,False,False,False
pls,True,False,False,False,False,False
nd,False,False,True,True,False,False
rock,True,False,False,False,False,False
release,False,False,False,False,True,False
feb,True,False,False,False,False,False
st,False,False,True,False,False,False
15,False,False,False,False,False,False
bit,True,False,False,False,False,False
town,True,False,False,False,False,False
goin,False,False,True,False,False,False
line,False,False,False,True,False,False
wanted,False,False,True,False,False,False
talk,False,False,True,False,False,False
mad,False,False,True,False,False,False
huh,True,False,False,True,True,False
street,True,False,True,False,False,False
lil,False,False,True,False,False,False
site,False,False,False,True,False,False
follower,False,False,False,False,False,False
dnt,False,False,True,False,True,False
lmao,False,False,True,False,True,False
aren't,True,False,False,False,False,True
drop,True,False,False,False,False,False
match,True,True,False,False,False,False
missing,False,False,True,False,True,False
cat,False,False,False,False,False,False
here's,True,False,False,False,False,False
perfect,False,False,False,False,False,False
hair,False,False,True,False,True,False
couple,False,False,False,True,False,False
spot,True,False,False,True,True,False
ladies,False,False,True,False,False,False
fuckin,True,False,False,False,True,False
21,True,False,False,False,False,False
let's,True,True,False,False,True,False
event,True,True,False,False,False,False
deal,True,False,False,False,False,False
common,False,False,False,False,False,False
breakfast,True,False,True,True,False,False
cute,False,False,True,False,False,False
online,False,False,False,False,False,False
important,True,False,False,True,False,True
must,False,False,True,False,False,False
♪,True,False,False,False,False,False
told,False,False,True,False,False,False
fall,True,False,False,False,False,False
single,False,False,False,True,False,False
taken,False,False,False,False,False,False
sit,False,False,False,False,False,False
smh,False,False,True,False,True,False
myself,False,False,True,False,False,False
fresh,False,False,False,True,False,False
question,False,False,False,False,False,False
soo,False,False,False,False,False,False
followers,False,False,False,False,False,False
away,False,False,True,False,True,False
gone,False,False,True,False,True,False
i'd,False,False,False,False,False,False
program,True,True,False,False,False,False
state,True,False,False,False,True,False
•,True,False,False,False,False,False
epic,True,False,False,True,False,False
sat,True,True,True,False,True,False
18,False,False,False,True,False,False
miss,False,False,True,False,False,False
hehe,False,False,False,False,False,False
david,True,False,False,False,False,False
voice,False,False,False,True,False,False
wake,True,False,True,False,False,False
sleep,True,False,True,False,True,False
also,False,False,True,False,True,False
parents,True,False,False,False,False,False
proud,True,False,False,False,False,False
near,False,False,False,True,False,False
imagine,False,False,False,False,False,True
knew,False,False,False,False,False,False
until,False,False,True,False,False,False
report,False,False,False,False,False,False
simple,False,False,False,False,False,False
waiting,False,False,False,False,False,False
matter,False,False,False,False,False,False
- -,False,False,False,False,False,False
´,True,False,False,False,False,False
soon,False,False,False,False,False,False
won,False,False,False,False,True,True
hotel,True,False,False,False,False,False
english,True,False,True,False,False,False
tour,False,False,False,False,False,False
spread,True,True,False,True,False,False
fight,True,False,False,False,True,False
bro,False,False,True,False,False,False
sister,True,True,False,False,False,False
half,False,False,False,False,True,False
yet,False,False,False,False,False,False
stuff,False,False,True,False,False,False
box,False,False,False,False,False,False
different,False,False,False,False,False,False
worse,False,False,False,False,False,False
y'all,True,False,False,False,True,False
bowl,True,True,False,True,True,True
wat,False,False,False,False,False,False
football,True,True,False,True,True,False
hit,False,False,True,False,False,False
park,True,False,False,True,False,False
point,False,False,False,True,True,False
nite,True,False,False,False,False,False
film,True,True,False,False,False,False
busy,True,True,False,False,False,False
price,True,False,False,False,True,False
luck,False,False,False,False,False,False
starting,False,False,False,False,False,False
asleep,True,False,False,False,False,False
cup,True,False,False,False,False,True
20,False,False,True,False,False,False
enough,False,False,False,False,False,False
chat,False,False,False,False,False,False
low,False,False,False,False,False,False
12,False,False,False,False,False,False
post,False,False,False,False,False,False
fast,False,False,False,False,False,False
25,True,False,False,False,False,False
shirt,True,False,False,False,False,False
mins,True,True,False,True,False,False
leaving,True,False,False,False,False,False
power,True,False,True,False,False,False
computer,False,False,False,False,False,False
track,False,False,False,False,False,True
definitely,False,False,True,False,False,False
note,True,False,False,False,False,False
boss,False,False,False,True,False,False
ass,True,True,True,False,True,False
vs,True,False,False,False,True,False
lmfao,True,False,True,False,True,False
weeks,False,False,False,False,False,False
issue,True,False,False,True,True,False
tweets,True,True,True,False,True,False
random,False,False,False,True,True,False
hahaha,True,False,True,False,True,False
broke,False,False,False,False,False,False
2nd,True,False,False,False,True,False
offer,False,False,False,False,False,False
diet,False,False,False,False,False,False
suck,True,True,False,False,False,False
body,False,False,False,True,False,False
wearing,True,False,False,False,True,False
thoughts,False,False,False,False,False,False
especially,False,False,False,False,False,False
glad,False,False,False,False,False,False
able,False,False,False,False,False,False
shower,False,False,True,False,True,False
thats,False,False,True,False,False,False
space,True,False,False,True,False,False
skin,True,False,False,False,False,False
american,True,False,False,False,True,False
catch,True,True,False,False,False,False
kinda,True,False,True,False,True,False
details,True,False,False,False,False,False
extra,False,False,False,False,False,False
type,False,False,False,True,False,False
yep,False,False,False,False,False,False
apple,True,False,False,False,False,False
area,True,True,False,False,False,False
along,False,False,False,False,False,False
john,True,False,False,False,False,False
bitch,False,False,True,False,False,False
pics,False,False,False,False,False,False
bet,True,False,False,False,True,False
gotta,False,False,True,False,True,False
gym,False,False,True,False,False,False
funny,True,False,True,False,False,False
uk,False,False,False,False,False,False
found,False,False,False,False,False,False
lady,False,False,False,False,False,False
thx,False,False,False,False,False,False
lose,True,False,False,True,True,False
telling,False,False,False,False,False,False
wasn't,False,False,True,False,False,False
started,False,False,False,False,False,False
decided,True,False,False,False,False,False
king,True,False,False,False,False,False
enter,False,False,False,False,False,False
lost,False,False,False,False,False,False
dm,False,False,False,False,False,False
bag,True,False,False,True,False,False
yup,False,False,False,False,False,False
internet,True,True,True,True,False,False
red,False,False,False,False,False,False
ipod,False,False,False,False,False,False
xd,False,False,True,False,False,False
tried,False,False,False,True,False,False
breaking,True,False,False,False,False,False
snow,True,False,True,False,False,False
hour,True,False,False,True,False,False
quality,True,False,False,False,False,False
information,True,False,False,False,False,True
session,True,False,False,True,False,False
those,False,False,False,False,True,False
shame,True,False,False,False,False,False
source,True,True,False,False,False,False
50,True,False,False,True,False,False
step,True,True,False,False,False,True
york,True,False,False,False,False,False
cc,True,False,False,False,False,False
fuck,True,True,True,True,True,False
list,False,False,False,False,False,False
care,True,True,False,True,True,False
law,True,False,False,False,False,False
door,False,False,False,True,False,False
eat,False,False,False,True,False,False
due,True,False,True,False,False,False
credit,False,False,False,False,False,False
aww,False,False,False,False,False,False
that's,True,False,True,False,True,False
energy,False,False,False,True,False,False
style,False,False,False,False,True,False
jobs,False,False,False,False,False,False
control,False,False,False,False,False,False
guide,False,False,False,False,False,False
tips,True,False,False,False,False,True
website,False,False,False,True,False,False
wow,True,False,True,False,True,False
fell,False,False,False,False,False,False
wall,True,False,False,True,False,False
she's,False,False,True,False,False,False
hand,False,False,False,False,False,False
pictures,True,False,False,True,False,False
case,False,False,False,False,False,False
mi,False,False,False,False,False,False
lunch,True,False,True,True,False,False
reading,False,False,False,False,False,False
longer,False,False,False,False,False,False
lord,False,False,False,False,False,False
we've,False,False,False,False,False,False
worst,False,False,False,True,False,False
ma,True,False,False,False,False,False
gives,True,False,False,False,False,False
hold,False,False,False,True,False,False
ha,False,False,False,False,False,False
shot,True,False,False,False,False,False
full,False,False,True,True,False,False
party,True,True,True,False,False,False
eye,False,False,False,True,False,True
mention,False,False,False,False,False,False
imma,False,False,True,False,True,False
lovely,False,False,False,False,False,False
final,True,False,False,False,False,True
books,False,False,False,False,False,False
yesterday,False,False,False,False,False,False
everyday,False,False,False,False,False,False
winter,True,False,True,False,False,False
house,True,False,True,False,False,False
weight,False,False,False,False,False,False
loss,True,False,False,False,False,False
store,True,False,False,True,False,False
works,False,False,False,False,False,False
daily,True,False,False,False,False,False
▸,False,False,False,False,False,False
serious,False,False,False,False,False,False
south,False,False,False,False,False,False
hungry,False,False,True,False,False,False
radio,False,False,False,False,False,False
theme,True,False,False,False,False,False
network,True,False,False,False,False,True
both,False,False,True,False,False,False
double,False,False,False,False,False,False
cover,True,False,False,False,False,False
nigga,False,False,True,False,False,False
cream,False,False,False,False,False,False
side,False,False,True,False,False,False
sex,False,False,True,False,False,False
click,False,False,False,False,False,False
means,False,False,False,False,False,False
eh,True,False,False,False,False,False
order,False,False,False,False,False,False
anymore,False,False,False,False,False,False
global,True,False,False,False,False,False
quite,False,False,False,False,False,False
bday,True,True,False,False,False,False
expect,False,False,False,False,False,False
fair,False,False,False,False,False,False
students,False,False,False,False,False,False
food,False,False,True,False,True,False
understand,False,False,False,False,False,False
system,True,False,False,False,False,False
em,False,False,True,False,True,False
26,True,False,True,False,False,False
chocolate,False,False,False,False,False,False
we'll,False,False,False,False,False,False
kill,False,False,False,False,False,False
size,False,False,False,False,False,False
history,True,False,False,True,False,False
battle,True,False,False,True,False,False
three,False,False,False,False,False,False
weird,False,False,True,False,False,False
sucks,False,False,True,False,True,False
dirty,False,False,False,True,False,False
today's,False,False,True,False,False,False
gosh,False,False,False,False,False,False
bought,False,False,False,False,True,False
btw,False,False,False,False,False,False
pro,True,False,False,True,True,False
worth,False,False,False,False,True,False
market,True,False,False,False,False,False
changed,True,False,False,True,False,False
listening,False,False,False,False,False,False
clear,False,False,False,False,False,False
you'll,False,False,False,False,False,False
wins,True,False,False,False,True,False
ill,False,False,False,False,True,False
answer,False,False,False,False,False,False
page,True,False,False,False,False,False
afternoon,True,True,True,False,False,False
alright,True,False,False,False,False,False
anyway,False,False,False,False,False,False
slow,False,False,False,True,False,False
less,False,False,False,False,False,False
tuesday,True,False,True,True,True,True
seriously,True,False,False,True,True,False
model,False,False,False,False,False,False
outside,True,False,False,True,False,False
ft,False,False,False,True,False,False
hoping,False,False,False,False,False,False
ice,True,False,True,True,False,False
center,False,False,False,True,False,False
brand,True,False,False,False,False,False
blackberry,True,False,False,False,False,False
usually,True,False,False,True,False,False
album,False,False,False,False,False,False
roll,False,False,False,False,False,False
pm,False,False,True,False,False,False
hopefully,False,False,False,True,False,False
making,False,False,False,False,False,False
na,True,False,False,True,False,False
sum,False,False,True,False,False,False
windows,True,False,False,False,False,True
d:,True,False,False,False,True,False
young,False,False,False,False,True,False
tha,True,False,False,False,False,False
art,False,False,False,False,False,False
french,False,False,False,False,False,False
9,False,False,False,False,False,False
-->,False,False,False,False,False,False
loving,False,False,False,False,False,False
band,False,False,False,False,False,False
coffee,False,False,False,False,False,False
dey,True,False,False,False,True,False
weather,True,False,True,False,False,False
trust,True,False,False,True,True,False
sound,False,False,False,False,False,False
having,False,False,False,False,True,False
level,True,True,False,False,False,False
android,True,False,True,False,False,False
hmm,True,False,False,False,False,False
sale,False,False,False,True,False,False
picture,False,False,False,False,False,False
ad,True,True,False,True,False,True
local,False,False,False,False,False,False
kick,True,False,False,False,False,False
screen,False,False,False,False,False,False
road,True,False,False,False,False,False
comments,True,False,False,True,False,False
ipad,True,True,False,False,False,False
fly,False,False,True,False,False,False
piece,False,False,False,False,False,False
results,True,False,False,True,False,False
agree,True,False,False,True,False,True
abt,False,False,False,False,False,False
di,True,False,False,False,False,False
takes,False,False,False,False,False,False
mac,True,False,False,False,False,False
sick,False,False,True,False,False,False
available,False,False,False,False,False,False
chinese,True,True,True,True,False,False
whether,True,False,False,False,False,False
shop,False,False,False,False,False,False
dad,True,False,False,False,False,False
fit,True,False,False,False,False,False
moving,False,False,False,True,False,False
wen,False,False,True,True,False,False
needed,False,False,False,True,False,False
concert,False,False,False,False,False,False
pass,False,False,False,False,False,False
present,True,False,False,False,False,False
children,True,False,False,False,False,False
awww,False,False,False,False,True,False
member,True,False,False,False,False,False
gettin,False,False,True,False,False,False
natural,True,False,False,False,False,False
lie,False,False,False,False,False,False
throw,True,False,False,False,False,False
normal,False,False,False,False,False,False
act,False,False,False,True,False,False
fucking,False,False,True,False,False,False
bye,True,False,False,False,False,False
wedding,True,True,False,True,True,False
shut,True,False,False,True,False,False
tryna,False,False,False,False,False,False
angry,False,False,False,False,False,False
trip,False,False,False,False,False,False
lead,True,False,False,True,False,False
boring,True,False,False,False,False,False
blue,False,False,False,False,False,False
gold,True,True,False,False,False,False
airport,True,True,False,False,False,False
bitches,False,False,True,True,False,False
wife,False,False,False,True,False,False
added,False,False,False,True,False,False
truly,True,False,False,False,False,False
asking,True,False,False,False,True,False
living,True,False,False,False,False,False
comment,False,False,False,False,False,False
dance,False,False,False,False,False,False
likes,True,False,False,False,True,False
boo,False,False,True,False,False,False
record,True,False,False,True,False,False
popular,True,False,False,True,False,False
ah,False,False,False,False,False,False
rain,True,True,False,False,True,False
wondering,False,False,False,False,True,False
dark,False,False,False,False,False,False
apparently,True,False,False,False,False,False
nah,False,False,False,False,False,False
didnt,False,False,True,False,True,False
ap,True,False,False,False,False,False
series,False,False,False,True,False,False
idk,False,False,True,False,False,False
worry,False,False,False,False,False,False
wouldn't,False,False,True,False,True,False
bored,False,False,False,False,False,False
magic,True,False,False,False,False,False
8,True,True,False,True,True,True
view,False,False,False,False,False,False
！,True,False,True,True,False,False
paper,False,False,False,False,False,False
government,True,False,False,True,False,False
self,False,False,False,True,False,False
tired,False,False,False,False,False,False
updated,True,False,False,False,False,False
third,True,False,False,False,False,False
buy,False,False,False,True,True,False
♫,False,False,False,False,True,False
problems,False,False,False,False,False,False
return,False,False,False,True,False,False
babe,False,False,False,True,False,False
happens,False,False,False,True,False,False
create,False,False,False,False,False,False
kno,False,False,True,False,False,False
alone,False,False,False,False,False,False
seem,True,True,False,False,False,False
pressure,True,False,False,False,False,False
training,False,False,False,False,False,True
save,True,False,False,False,False,False
police,True,True,True,False,False,False
absolutely,False,False,False,False,False,False
beats,False,False,False,False,False,False
international,True,False,False,False,False,False
awake,True,False,False,False,True,False
dis,False,False,True,False,True,False
ways,True,False,False,True,False,False
trouble,True,False,False,False,False,False
sitting,False,False,False,False,False,False
dj,True,True,False,True,False,False
write,False,False,False,False,False,False
°,False,False,False,False,False,False
mark,True,False,False,False,False,False
whats,False,False,False,False,False,False
cry,True,False,False,False,False,False
who's,True,False,False,False,False,False
turned,True,False,False,False,False,False
nobody,False,False,False,True,False,False
fail,True,True,True,True,False,True
woke,True,True,True,False,False,False
given,False,False,False,False,False,False
mouth,False,False,False,True,False,False
cheap,False,False,False,False,False,False
except,False,False,False,False,False,False
somebody,True,False,True,False,False,False
reviews,True,False,False,False,False,False
17,False,False,False,True,False,False
fitness,True,True,False,False,False,False
laptop,True,False,False,False,False,False
swear,False,False,True,False,True,False
players,True,False,False,False,False,False
four,False,False,False,False,False,False
shoes,False,False,False,False,False,False
movies,False,False,False,False,False,False
reach,False,False,False,False,False,False
. . .,False,False,False,False,False,False
pack,True,True,False,True,True,True
hospital,True,False,False,False,False,False
caught,True,True,False,False,True,False
gave,False,False,False,False,True,False
yay,True,True,False,False,True,False
brown,True,True,False,False,False,False
fake,False,False,False,True,False,False
o_o,False,False,False,False,False,False
aint,False,False,True,False,False,False
sigh,True,True,False,False,False,False
niggas,False,False,True,False,False,False
pissed,False,False,False,False,False,False
«,False,False,False,False,False,False
winds,False,False,False,False,False,False
humidity,False,False,False,False,True,False
hmmm,False,False,False,False,False,False
ugh,False,False,True,False,False,False
chicken,False,False,False,False,False,False
pc,False,False,False,False,False,True
hahah,False,False,False,False,False,False
unlocked,True,False,False,False,False,False
thinks,True,False,False,True,False,False
marketing,False,False,False,False,False,False
mph,True,False,False,False,False,False
temperature,False,False,False,False,False,False
pop,False,False,False,True,False,False
celebrity,True,True,False,True,True,True
